Kaiserklein#2520,47,N/A (played 0 rated team game so far),https://steamcommunity.com/profiles/76561198149807296/
WickedCossack#1242,25,rank 1 motherfucker,https://steamcommunity.com/profiles/76561198052768044/
theonlybaus#5720,33,2272,https://steamcommunity.com/id/theonlybaus/
Kaister#5974,34,2250,https://steamcommunity.com/profiles/76561198069002408/
aykin#6177,40,2200,173670512
don_artie#2656,32,2200,https://steamcommunity.com/profiles/76561198046384978/
wop#7118,33,2100,https://steamcommunity.com/id/daiyvvvv/
Taddy#0618,28,2000-2100,https://steamcommunity.com/profiles/76561198449785198/
antz_is_here#6963,31/32,2080,https://steamcommunity.com/profiles/76561198053361462/home
Kyo_3z#9606,30/31,2073,https://steamcommunity.com/profiles/76561198128420726/
JaiLeD#9326,28,2050,https://steamcommunity.com/profiles/76561198031615074/
roberto#0549,,2012,https://steamcommunity.com/profiles/76561199036965813/
MaxMagous#3353,28,2004,https://steamcommunity.com/id/Risotto_aoe/
Needs to be fixed:https://steamcommunity.com/profiles/76561198006634812/,FIRST LT,2000,https://steamcommunity.com/profiles/76561198006634812/
Herbiemaster#1674,29 (major),2000,https://steamcommunity.com/profiles/76561198209587443/
Knarloc#8062,26,1983,https://steamcommunity.com/profiles/76561198044012905/
The7apples#7916,23,1980,https://steamcommunity.com/profiles/76561198033812764/home
Narida#6549,pr 27 TAD pr 32 Vanilla,currently 1953,76561198880457769
david#6673,28,1950,https://steamcommunity.com/profiles/76561198046513572/
sircallen#1517,31,1950,https://steamcommunity.com/profiles/76561198177799675/
A_Singh#1951,30,1950,A_Singh
Keaton#3947,PR46,1931,https://steamcommunity.com/id/Aussie_Drongo/
MRT44#8992,Pr29,1920,76561198217328369
Hosky#8249,cap 28,1908,https://steamcommunity.com/profiles/76561198132850930/
Adribird#6230,,1900+,https://steamcommunity.com/profiles/76561199005976726/
Misha1#0586,27,1900,https://steamcommunity.com/profiles/76561198061515046/home
brutalglory#5248,28,1882,https://steamcommunity.com/profiles/76561198821865456/
enki_#0336,30,1875,67033445
carp#5947,29,1874,https://steamcommunity.com/profiles/76561198330076364/home
yayoshi#3505,Max PR 31 ish,1869,https://steamcommunity.com/id/mekkarunga/
abe#2475,23 was the highest i acheived but prolly lower 23,1850 rank 205,https://steamcommunity.com/profiles/76561198234091488/home
challenger_marco#8536,Captain (26),1800,https://steamcommunity.com/id/TheJASSZ/
smolen#2194,25 (35),1800,https://steamcommunity.com/profiles/76561198015396197
n0eL#6983,33,1800? Idk I’ve only played 30 or so team games ranked in de mainly with riotcoke,https://steamcommunity.com/id/kkab
boisenberry#0810,between 0 and 25,1800 maybe?,im dan
Genesis#0955,25,1800,76561198093136395/home
Matt#3271,30,1770,https://steamcommunity.com/id/farmermatt/
Adjeking#3418,40+ back in the days (<2010),1760,https://steamcommunity.com/profiles/76561198013371997/home
Guusjes4liv#2366,23,1739,76561198054653675
Zanerre#8833,PR 31/32 on EP,1733,https://steamcommunity.com/profiles/76561198263084994/
Kugelwilli#4652,25,1728,76561198060671290
Black_Duck#6909,EP Captain 28,1724,76561198116492298
Stanleo#9677,,1720,https://steamcommunity.com/profiles/76561198027870214/
coxinga#3538,22,1713,https://s.team/p/cgkr-htrh/grntcqjw
Doppelsolna#6261,PR25 (1st Lieut),1700,https://steamcommunity.com/profiles/76561199071096978
Oprah#6145,24,1640,https://steamcommunity.com/id/ijustbustanut/
Shaun#5242,1st Lieutenant,1637,https://steamcommunity.com/id/sudarshan85/
Peachrocks#5514,30,1623,https://steamcommunity.com/profiles/76561197998952754/
Purple#8192,25,1620,https://steamcommunity.com/id/EvilThre3/
FrankTh3Tank95#8053,21,1610,https://steamcommunity.com/profiles/76561198059526194/home
cheeesemonger#6704,19,1600,https://steamcommunity.com/profiles/76561198410310891
Evoked#6176,1v1 900~ team 400~ didnt play legacy,1600,https://steamcommunity.com/profiles/76561198170745654/
GKShaman#1286,21,1600,https://steamcommunity.com/profiles/76561198087087009/
martin#5389,1415 DE Elo  PR 26 Legacy,1578,https://steamcommunity.com/profiles/76561198402026721/home
Brochit#2264,Major,1569,https://steamcommunity.com/id/rachityadav/
ImSoloDoloMan#4177,MS,1554,https://steamcommunity.com/id/ImSoloDoloMan/
yayomfg#2101,22-25ish,1550ish,HTTPS://steam community.CPM/profiles/76561198326416234
MS#1467,33,1550,https://steamcommunity.com/profiles/76561198076649425/
FitzBro#9038,1550ish,1550ish,https://steamcommunity.com/id/FitzBro/
lcomontenegro#2631,24,1548,https://steamcommunity.com/profiles/76561198258056997/
Hiver#6844,2nd LT(lvl 21),1522,https://steamcommunity.com/id/Hiiver/
Nightwing_107#9338,PR20,1500,https://steamcommunity.com/profiles/76561198314618383/home
SEPOY GUY#5098,00,1496,76561198985636228
BrendanL#4812,22,1468,https://steamcommunity.com/profiles/76561198075344200/home
ThomasFHG#5246,,1442,https://steamcommunity.com/id/Thomas_HG
Molibo13#9954,18,1364,https://steamcommunity.com/profiles/76561198989578080
Jesus420#6320,,1337 (Not a troll),76561198025551593
Fluffydragon#7084,2nd luitenant  level 20 (if you mean vanilla  i didn't play alot of complete edition),1328,https://steamcommunity.com/profiles/76561198082710072/
HolyHandGrenade#9531,,1313,https://steamcommunity.com/profiles/76561198116499890/
EstiPesti#6900,,1279,76561199098266500
pauleebe#3957,34,1100,76561198041914659
ggbyers#7732,21,21,https://steamcommunity.com/profiles/76561198114001903/edit/info
Tripklopsis#1920,15,1100,https://steamcommunity.com/id/Tripklopsis/
chompyyy#2229,1000,1000,https://steamcommunity.com/profiles/76561198058832179/
